id,first_name,last_name,email,gender,ip_address
1,Louisa,,lwhitta0@scribd.com,,247.98.147.187
2,Donnie,Kunat,dkunat1@bloomberg.com,,113.24.186.189
3,Therine,,tcore2@cnbc.com,Female,34.10.24.73
4,Annamaria,Cumbridge,acumbridge3@icq.com,Female,29.235.29.135
5,Giff,,gpirouet4@chron.com,,232.115.192.98
6,Dillon,,dcolbourn5@epa.gov,,131.6.147.129
7,Bennie,Trodler,btrodler6@skype.com,,101.142.15.106
,,,sbearward7@free.fr,Male,231.94.128.95
9,Freddy,Benitez,fbenitez8@wikimedia.org,,188.71.99.2
10,Weston,Grigorio,wgrigorio9@va.gov,Male,211.62.227.46
11,Donny,Mirando,dmirandoa@pen.io,,110.134.185.108
12,Ermentrude,,etwidaleb@google.co.uk,Female,159.114.160.46
,Rickey,Abramovitz,rabramovitzc@xing.com,Male,60.202.65.115
14,Frieda,Bulteel,fbulteeld@bloglovin.com,,180.41.124.246
15,Melodie,Spoors,mspoorse@multiply.com,Female,244.69.165.229
16,,Loache,rloachef@xrea.com,Male,67.201.81.76
17,,Plaxton,nplaxtong@telegraph.co.uk,,106.111.242.230
18,Andromache,,agribbleh@ucsd.edu,Female,175.106.189.144
19,Phillipp,Westphal,pwestphali@addtoany.com,,20.168.223.36
20,Lucie,Arends,larendsj@pbs.org,Polygender,53.90.147.89
21,Javier,Gamwell,jgamwellk@boston.com,,3.221.49.67
22,Harlin,Beedon,hbeedonl@statcounter.com,,204.110.85.32
23,Patrizia,,ppetticrewm@google.it,Female,58.92.156.134
24,Durante,,dspearesn@odnoklassniki.ru,Male,90.200.45.246
25,Margareta,,mheadlando@dyndns.org,,84.134.93.202
26,,Troker,ctrokerp@cam.ac.uk,Male,239.81.174.78
27,Fredek,Mead,fmeadq@pinterest.com,Male,17.36.186.199
28,Xavier,Korneichuk,xkorneichukr@goo.gl,Male,7.46.211.122
29,Reeva,,rmansuers@t-online.de,Genderqueer,197.123.154.3
30,Layla,Lanon,llanont@smugmug.com,,186.246.89.51
31,Pierette,,pdurnellu@noaa.gov,Female,221.44.184.219
,Knox,,kcancellieriv@sourceforge.net,,253.140.232.80
33,Joleen,Pitcock,jpitcockw@oaic.gov.au,,239.130.168.30
34,Rubina,,rbromehedx@washington.edu,Female,77.106.22.220
35,Aliza,Bagg,abaggy@ibm.com,,12.138.96.6
36,Willyt,,wbernaciakz@ow.ly,Female,147.190.107.171
37,Selestina,Kubach,skubach10@google.de,,83.101.72.225
38,Margareta,Bonnick,mbonnick11@ted.com,Female,248.203.65.212
39,Boycie,,bhardy12@theglobeandmail.com,Bigender,49.123.245.228
40,Kelila,Vanyard,kvanyard13@wikipedia.org,,174.38.199.21
41,Christian,,cyalden14@privacy.gov.au,Male,106.19.208.37
,Karena,,kibert15@clickbank.net,,65.0.15.179
43,Ardella,Falla,afalla16@arstechnica.com,Female,233.240.213.218
44,Dinah,Dowyer,ddowyer17@nature.com,Non-binary,111.135.202.191
45,Astrid,,aerrington18@mac.com,,203.81.121.252
,,Erett,cerett19@studiopress.com,Male,96.25.232.84
47,Garnet,Meineking,gmeineking1a@dropbox.com,Female,108.36.121.80
48,Andie,Janks,ajanks1b@samsung.com,Male,193.116.1.165
49,Vickie,Attock,vattock1c@cbsnews.com,,35.251.25.132
,Molly,Readshall,mreadshall1d@nhs.uk,,98.95.88.191
51,Weider,Saller,wsaller1e@alibaba.com,,43.149.179.185
52,Tootsie,Wheelan,twheelan1f@ask.com,,155.44.83.182
53,Daryl,,dmengo1g@google.co.uk,Male,115.35.25.147
54,Eugenia,,eroutham1h@networksolutions.com,,135.14.203.107
55,Jillayne,Jakel,jjakel1i@clickbank.net,Female,121.60.42.20
56,Sascha,MacFadin,smacfadin1j@shutterfly.com,,47.235.227.0
57,Arnoldo,Surgenor,asurgenor1k@fema.gov,,252.253.96.225
58,Garvin,Ineson,gineson1l@ifeng.com,,101.221.75.168
,Estel,,erays1m@google.fr,,2.55.77.225
60,,Backson,abackson1n@reddit.com,,54.10.81.75
61,Franz,Warnes,fwarnes1o@blogger.com,,182.218.128.44
62,Terese,Kreber,tkreber1p@free.fr,,217.34.243.158
63,Roth,Clinch,rclinch1q@dedecms.com,Male,223.54.76.202
,Constanta,Stitt,cstitt1r@mit.edu,Polygender,181.29.85.238
65,Duffie,Pummell,dpummell1s@wp.com,Male,254.196.224.148
,Guglielmo,Bartoszewski,gbartoszewski1t@reuters.com,Male,171.50.235.81
,Taddeusz,Witty,twitty1u@bandcamp.com,Non-binary,116.75.15.105
68,Nealy,Jakubczyk,njakubczyk1v@cbsnews.com,Male,23.187.169.219
69,,,swhichelow1w@theatlantic.com,,61.177.155.87
70,Inglebert,Pylkynyton,ipylkynyton1x@reverbnation.com,Male,171.232.44.15
71,Boone,McAndie,bmcandie1y@globo.com,Male,42.208.142.174
72,Fletcher,Yarn,fyarn1z@noaa.gov,Male,12.146.238.122
73,Dougie,Stamps,dstamps20@over-blog.com,Male,51.145.105.50
74,Frans,Vassano,fvassano21@washington.edu,Male,161.75.239.238
75,Zane,Vaneev,zvaneev22@yale.edu,,218.14.63.21
76,Mari,Wildes,mwildes23@tiny.cc,Bigender,102.61.12.30
77,Lani,Faulconer,lfaulconer24@i2i.jp,Non-binary,68.4.101.95
,,Lawes,rlawes25@cmu.edu,Female,248.16.15.133
79,Adolphe,Lamb,alamb26@ameblo.jp,,121.138.9.15
80,Cathi,O'Fallone,cofallone27@opera.com,,117.184.60.212
81,Dennet,Hartly,dhartly28@miitbeian.gov.cn,Agender,90.28.230.146
82,Aloysia,Edens,aedens29@cisco.com,Female,181.206.2.79
83,Eada,,elapslie2a@webs.com,,99.236.139.150
84,Willabella,Tacon,wtacon2b@histats.com,Genderqueer,174.58.37.132
85,,Kilfedder,kkilfedder2c@parallels.com,Female,221.154.141.174
86,Fred,Stranieri,fstranieri2d@ezinearticles.com,,81.47.143.219
87,Skelly,Keenor,skeenor2e@hao123.com,Male,37.188.133.72
,Lennie,Buesden,lbuesden2f@slate.com,,138.170.216.0
89,,Elliff,aelliff2g@etsy.com,Male,111.125.148.98
90,Agathe,Valentine,avalentine2h@goo.gl,Female,39.215.70.60
,Tades,,tdust2i@altervista.org,Polygender,254.184.229.196
92,,,kmcgarrahan2j@bloglovin.com,Male,24.137.164.126
93,Livvyy,,lgorman2k@photobucket.com,,134.169.22.62
,Mira,,mjodlkowski2l@cpanel.net,,107.255.40.150
,Gardner,Strattan,gstrattan2m@engadget.com,,134.37.95.44
96,,,ggannon2n@com.com,Female,199.59.199.66
97,Norris,Mosedill,nmosedill2o@devhub.com,,24.120.8.177
98,Isabelle,Bissill,ibissill2p@epa.gov,Female,158.212.157.200
99,Levy,Dinneges,ldinneges2q@sbwire.com,,169.64.35.142
100,Nicola,Wasiel,nwasiel2r@unblog.fr,,209.113.38.69
101,Kameko,Chevin,kchevin2s@house.gov,Female,58.225.33.177
102,Killy,Benard,kbenard2t@a8.net,Male,190.91.36.53
103,Beau,Ferrier,bferrier2u@livejournal.com,,75.107.148.121
104,Reiko,Sawdy,rsawdy2v@booking.com,,104.107.178.197
105,Christalle,Gosson,cgosson2w@nature.com,Female,213.69.89.54
106,Ferrell,Sallenger,fsallenger2x@altervista.org,Male,83.247.254.220
107,Hurleigh,,hgerwood2y@t.co,Male,22.190.165.126
108,Jaye,,jlillgard2z@tripadvisor.com,,52.45.22.103
,Josefa,O'Lehane,jolehane30@zimbio.com,,125.5.64.168
110,Margie,Clancy,mclancy31@yale.edu,Female,82.239.212.34
111,Elvira,Alben,ealben32@ehow.com,Female,239.134.254.160
112,Katine,Ding,kding33@wsj.com,,198.64.89.163
113,Hillel,Tomaini,htomaini34@about.com,Male,190.158.139.49
114,Ondrea,,ozoanetti35@webeden.co.uk,Female,205.137.70.40
115,Anna-maria,Donativo,adonativo36@nps.gov,Female,82.102.152.27
,Cobbie,Guynemer,cguynemer37@eventbrite.com,,103.22.238.45
117,Mara,,mgomes38@time.com,,214.8.160.201
,,Kleiser,ekleiser39@unesco.org,Female,205.247.185.4
119,Joeann,Maplestone,jmaplestone3a@amazon.de,,102.101.130.219
120,Bertie,Stot,bstot3b@ycombinator.com,,194.139.153.238
121,Beulah,Snare,bsnare3c@ibm.com,Genderqueer,183.202.75.139
122,Roby,Matteoni,rmatteoni3d@opera.com,,143.253.92.105
123,Tybie,,tkief3e@aboutads.info,Female,119.123.122.153
124,Goober,Fitzackerley,gfitzackerley3f@mozilla.com,Male,36.109.129.87
125,Geoffrey,Asey,gasey3g@wordpress.org,Male,26.92.57.247
126,Clayborn,Presdie,cpresdie3h@smugmug.com,,131.230.42.96
127,Anastasie,,amcilvenny3i@bluehost.com,,115.18.41.11
128,Lucilia,Normanvill,lnormanvill3j@apache.org,,222.98.32.165
129,Elyssa,,ebewly3k@hc360.com,Female,102.65.80.107
130,Rafi,Matieu,rmatieu3l@blogs.com,,243.44.252.68
,Woodie,Sibbs,wsibbs3m@ifeng.com,,178.73.250.184
,Dev,Rigler,drigler3n@about.com,Non-binary,9.17.55.228
133,Cecilius,Osgar,cosgar3o@sakura.ne.jp,Male,239.16.247.73
134,Esra,Lesmonde,elesmonde3p@mediafire.com,,166.57.204.194
,Vlad,,vvittet3q@histats.com,Male,91.36.151.223
,Deerdre,Slater,dslater3r@diigo.com,,17.22.136.189
137,Katinka,,kharverson3s@census.gov,,86.91.21.153
138,Phillie,,pgisbey3t@blinklist.com,Agender,141.63.186.64
139,Bartholemy,Roman,broman3u@tmall.com,,104.204.198.39
140,Cesaro,Gwyneth,cgwyneth3v@noaa.gov,,211.106.140.221
141,Joannes,Clare,jclare3w@blinklist.com,,23.59.36.229
,Karylin,,kdodgshon3x@godaddy.com,Female,48.80.134.135
143,Giff,Loody,gloody3y@sphinn.com,Male,139.103.209.92
144,Prudence,Whinney,pwhinney3z@cmu.edu,,158.21.19.126
145,Shayne,Thaller,sthaller40@bizjournals.com,,233.145.22.230
146,Mercie,Giametti,mgiametti41@xrea.com,,91.201.155.49
147,Filippa,Valentin,fvalentin42@illinois.edu,,100.217.125.19
148,Michale,,mcasel43@opensource.org,,166.120.165.208
149,,Ace,vace44@tiny.cc,,202.185.113.157
150,Benyamin,Poolton,bpoolton45@wikia.com,Male,44.225.218.4
151,Wilbert,,wlangcastle46@harvard.edu,Male,110.32.130.150
,Audrie,,asondland47@dmoz.org,Female,154.145.165.164
153,Cherlyn,Manville,cmanville48@sciencedirect.com,Female,55.247.218.7
154,Daria,,dlyman49@godaddy.com,Female,178.40.32.53
155,Any,,abaccas4a@t-online.de,,203.200.184.85
156,Kacy,Canadine,kcanadine4b@about.me,Female,145.205.248.90
,,Gregoire,pgregoire4c@ifeng.com,,4.110.136.236
158,Blake,,bharpin4d@go.com,,200.220.97.139
159,Gray,,ghelstrip4e@sciencedirect.com,,2.21.71.52
160,Harbert,Shrawley,hshrawley4f@digg.com,Male,185.78.106.17
161,Thea,Falla,tfalla4g@europa.eu,Female,229.80.34.184
162,Rurik,Forbes,rforbes4h@pagesperso-orange.fr,Male,212.95.58.72
163,Puff,Preene,ppreene4i@sakura.ne.jp,Male,4.220.66.223
164,Jelene,Kiernan,jkiernan4j@g.co,,51.46.157.1
165,Riley,,rabramzon4k@livejournal.com,Male,24.54.46.246
166,Reggie,Teek,rteek4l@trellian.com,Male,249.239.217.7
167,Sissie,Bernardoni,sbernardoni4m@reverbnation.com,Female,126.203.66.212
168,Dinny,Consterdine,dconsterdine4n@liveinternet.ru,,239.105.50.108
169,,Halliday,ehalliday4o@icq.com,Genderqueer,143.197.109.3
170,Marven,,mhindenberger4p@mit.edu,Male,43.152.193.135
171,Percival,Mew,pmew4q@elegantthemes.com,,37.77.29.151
,Raymond,Pietruschka,rpietruschka4r@whitehouse.gov,,33.36.14.38
173,Mirelle,Broad,mbroad4s@naver.com,,31.145.137.228
174,Bartolemo,Cornejo,bcornejo4t@histats.com,Male,94.82.232.147
175,Loreen,Altimas,laltimas4u@apache.org,Female,151.205.28.142
176,Hieronymus,,hfilisov4v@sakura.ne.jp,Male,105.161.41.95
,Donia,,dfollet4w@is.gd,Female,137.180.173.141
178,Asia,Weafer,aweafer4x@wiley.com,,51.196.57.102
179,Pepi,Claris,pclaris4y@yellowpages.com,Female,194.77.28.25
180,Whitman,Nind,wnind4z@nih.gov,,235.212.195.196
,Patten,,pblyth50@oaic.gov.au,,195.146.131.11
182,Wilburt,,wcolyer51@cdc.gov,Male,80.61.155.2
183,Tadeo,,thalpine52@skype.com,Male,185.147.164.24
,Cristine,,cpaddle53@businesswire.com,,30.61.60.84
185,Cathe,Enstone,censtone54@vistaprint.com,,188.183.55.183
186,Madelena,,mrupke55@alexa.com,Female,11.12.58.193
187,Meredeth,Shillaker,mshillaker56@nps.gov,Male,154.182.120.100
188,Robina,Rozzell,rrozzell57@goo.ne.jp,Female,115.148.217.178
189,Michal,Trevor,mtrevor58@chron.com,,92.156.105.129
190,Clemmie,Cardillo,ccardillo59@4shared.com,Female,236.127.2.83
191,Gennifer,,gmarns5a@wordpress.org,,31.15.63.88
192,Kiley,Cronchey,kcronchey5b@sina.com.cn,,161.199.182.44
193,Myrta,Wiggin,mwiggin5c@elpais.com,,148.233.123.187
194,Stacee,Fernley,sfernley5d@comsenz.com,Non-binary,133.238.225.93
195,Mil,Stockley,mstockley5e@studiopress.com,,179.107.118.161
196,Essy,,ephillipp5f@jiathis.com,Non-binary,140.102.144.21
,Nickolaus,Gomm,ngomm5g@bluehost.com,Agender,86.202.140.214
198,Emmalee,Kelshaw,ekelshaw5h@technorati.com,,181.193.125.52
,Lind,Aulds,laulds5i@japanpost.jp,,36.134.238.126
200,,Beere,rbeere5j@blogspot.com,,195.19.155.250
201,Sara,,sroofe5k@etsy.com,Female,164.14.42.66
202,Claudetta,Grinsted,cgrinsted5l@mozilla.org,Female,174.151.20.111
203,Rosabelle,Hame,rhame5m@amazon.co.uk,Female,245.62.134.175
204,Aeriela,,agilbanks5n@comsenz.com,Female,2.236.189.55
,Isidore,Busen,ibusen5o@salon.com,Male,210.128.190.14
,Glynn,,gpeto5p@shareasale.com,,242.158.79.122
207,Daria,Kittles,dkittles5q@theguardian.com,Female,118.31.106.201
208,Nora,de Werk,ndewerk5r@tripadvisor.com,Female,238.144.68.5
,Cati,,cgreengrass5s@noaa.gov,,217.36.28.24
,Maurene,Wales,mwales5t@simplemachines.org,Female,133.111.18.184
211,Mariel,Phillipps,mphillipps5u@stumbleupon.com,,152.58.141.205
,Kalvin,Vittery,kvittery5v@google.cn,Male,247.168.187.190
,Nancey,,nstirling5w@youtube.com,,80.224.50.116
214,Alasdair,,awynrehame5x@reddit.com,,39.122.57.135
215,Amandi,Chene,achene5y@flavors.me,Female,225.9.172.104
216,Karel,O Mullen,komullen5z@gravatar.com,Male,91.66.157.137
217,Cassi,Brunelli,cbrunelli60@jimdo.com,,239.159.184.214
218,Andy,,ahuffa61@va.gov,,67.226.76.177
219,Aldous,Grenkov,agrenkov62@ning.com,Male,10.217.255.191
220,Gavin,Corsor,gcorsor63@artisteer.com,Male,186.2.126.235
221,Shurwood,Balsdone,sbalsdone64@bigcartel.com,Polygender,120.55.59.240
222,Mattie,Delamar,mdelamar65@digg.com,,28.198.169.92
,Horatio,,hlanfranconi66@privacy.gov.au,Male,184.7.193.13
224,Cory,,csayre67@comsenz.com,Female,143.124.149.24
225,Celinka,Rolls,crolls68@ning.com,Female,93.6.185.150
226,Renato,,rhappel69@scribd.com,Male,122.37.181.174
227,Brant,Canacott,bcanacott6a@1und1.de,,17.153.53.119
228,Horacio,Melbourne,hmelbourne6b@tuttocitta.it,,242.120.42.127
229,Rosette,Looker,rlooker6c@opensource.org,Female,240.220.59.39
,Base,Balogh,bbalogh6d@netscape.com,,212.38.191.202
231,,,bcolbert6e@shutterfly.com,,28.210.40.176
232,Poul,,pvaugham6f@yolasite.com,Male,109.50.206.131
233,Larina,,lmasterson6g@github.com,Female,62.209.94.174
234,Jasper,Bolland,jbolland6h@tumblr.com,,54.49.19.196
235,Adi,Sate,asate6i@livejournal.com,Female,185.87.124.78
236,Netty,Le Sieur,nlesieur6j@topsy.com,Female,248.184.194.38
237,Minna,Fearnehough,mfearnehough6k@zimbio.com,,48.90.45.18
238,Debora,,djanney6l@wikia.com,,10.37.11.139
,Anna,Vogele,avogele6m@clickbank.net,,47.145.182.231
,Chester,Dargue,cdargue6n@vimeo.com,Male,184.217.93.67
241,Emilia,Hatt,ehatt6o@networksolutions.com,,36.134.40.0
242,Diann,,dsans6p@weather.com,,177.200.70.63
243,Horatio,,hburleigh6q@newyorker.com,Male,250.159.106.23
244,Jobey,Brandon,jbrandon6r@oakley.com,,61.64.89.78
245,Jaymee,,jdadamo6s@com.com,,228.42.49.110
246,Terrye,Shales,tshales6t@studiopress.com,Female,237.140.87.57
247,Dody,Pogue,dpogue6u@samsung.com,,141.153.64.129
,Serge,,sgadsden6v@dot.gov,,0.5.69.10
249,Aurel,Ishchenko,aishchenko6w@va.gov,,248.204.205.122
250,,,srobberecht6x@domainmarket.com,,128.152.100.49
251,Jenifer,,jleere6y@skype.com,Female,230.171.34.73
,Shelagh,Fluck,sfluck6z@trellian.com,,91.165.17.215
253,Ruddy,,rchatainier70@opera.com,Male,196.130.132.250
254,Gae,,gjenken71@github.io,Agender,216.83.91.124
255,Christan,,cfermin72@cmu.edu,Female,74.104.38.21
256,Carmella,Alibone,calibone73@wikipedia.org,,134.133.137.203
257,Lyndsie,Prickett,lprickett74@phoca.cz,,136.27.141.35
,Cordell,,cbaxendale75@wisc.edu,,70.185.241.214
259,Gisela,,glante76@liveinternet.ru,,140.1.119.78
,Dreddy,,darnoll77@php.net,Female,222.193.8.211
,Silvie,,sflattman78@nih.gov,,92.114.30.214
262,Zared,,zaberhart79@51.la,Male,200.47.149.69
,Ema,Kellock,ekellock7a@ftc.gov,,10.26.85.12
264,Fin,De la Feld,fdelafeld7b@unblog.fr,,1.184.214.175
,Aymer,Fountaine,afountaine7c@soup.io,Male,204.201.14.13
266,Minne,,mstirrup7d@dailymotion.com,Female,173.117.147.87
267,Alyosha,Davidou,adavidou7e@com.com,,77.149.183.196
268,Sibylla,Vidgen,svidgen7f@google.co.jp,,1.14.126.94
269,Clair,,cyerrell7g@mac.com,Male,192.166.29.254
,Iris,,ialexsandrov7h@live.com,,178.211.239.108
271,Vitoria,Cowlard,vcowlard7i@unesco.org,Female,208.156.5.255
272,Neille,Becom,nbecom7j@imdb.com,,223.209.243.112
273,,Chazelas,achazelas7k@telegraph.co.uk,,95.157.58.198
274,Dinny,Newick,dnewick7l@vk.com,Female,82.156.195.159
275,Bronny,Jewise,bjewise7m@github.io,Male,239.230.137.121
276,,,jwillshaw7n@rediff.com,Female,16.95.129.77
,Alwyn,Tinkler,atinkler7o@sakura.ne.jp,,38.135.148.166
278,Lance,Lalor,llalor7p@furl.net,Male,231.178.49.216
279,Abba,,ahearty7q@google.it,,62.224.17.99
280,Sunny,Vuitton,svuitton7r@spotify.com,Male,72.216.209.113
,Graehme,Ervin,gervin7s@google.com,,50.77.145.245
282,Elsi,Altree,ealtree7t@delicious.com,,135.152.181.5
283,Barnett,,bklimp7u@nbcnews.com,,95.141.11.199
,Devland,Hucknall,dhucknall7v@vk.com,,143.88.157.128
285,Anna-maria,Jacklings,ajacklings7w@privacy.gov.au,Non-binary,209.18.223.64
286,Bear,Delacote,bdelacote7x@oakley.com,,130.9.252.93
287,Pacorro,Butchard,pbutchard7y@de.vu,Bigender,196.164.194.5
288,Marlyn,Hughman,mhughman7z@smugmug.com,Female,123.22.28.49
289,,,igrassi80@vimeo.com,Male,216.241.4.7
290,,Legion,elegion81@51.la,Male,59.124.132.125
,Perry,,pgobat82@walmart.com,Male,12.235.36.226
292,Fielding,Marke,fmarke83@mashable.com,Male,218.186.49.126
293,Jamill,Probets,jprobets84@cyberchimps.com,Male,4.86.70.174
,Kenon,Perillo,kperillo85@europa.eu,,203.51.101.143
295,Dicky,Finney,dfinney86@rediff.com,Male,176.45.41.103
,Letti,,lscotchbrook87@yandex.ru,Female,160.63.151.119
297,Nelle,,nallaway88@privacy.gov.au,,222.198.99.213
298,Meredith,Quarlis,mquarlis89@symantec.com,,28.70.199.72
299,Corbin,Cordrey,ccordrey8a@miitbeian.gov.cn,,79.186.226.7
,Freedman,Kubasek,fkubasek8b@dmoz.org,Male,16.77.11.52
301,Dwain,Pentycross,dpentycross8c@w3.org,Male,207.33.106.183
302,,,mmccully8d@amazon.com,,228.34.193.137
303,Reuven,Starzaker,rstarzaker8e@fotki.com,Male,240.77.94.170
,Merlina,Delacoste,mdelacoste8f@reuters.com,Agender,74.60.241.138
305,Alwin,Shawel,ashawel8g@angelfire.com,,36.16.217.150
306,Hector,,hashton8h@mac.com,Male,74.178.51.190
307,Elliot,Weathey,eweathey8i@blogs.com,Male,63.110.16.235
308,,Devonport,sdevonport8j@forbes.com,,122.231.134.176
309,Obadias,,ocoldham8k@nydailynews.com,,114.167.50.170
310,Marianna,Bizzey,mbizzey8l@nhs.uk,,142.211.243.53
311,Winni,,wswainston8m@ftc.gov,,40.158.219.60
312,,Brecken,mbrecken8n@archive.org,Female,133.209.254.247
313,Edith,Marjot,emarjot8o@xrea.com,Agender,179.201.147.225
314,Ber,,babazi8p@amazon.co.jp,,199.118.219.143
315,Waverly,,wsurmeyers8q@cyberchimps.com,Male,8.113.126.127
316,,Copping,gcopping8r@examiner.com,,207.116.78.107
317,Penelopa,,pcarek8s@nhs.uk,Female,61.173.70.235
,Klemens,,kberesford8t@biblegateway.com,Male,172.53.207.47
319,Rodie,Hamor,rhamor8u@taobao.com,Female,56.220.133.88
320,Lolly,,lkissell8v@ovh.net,Female,95.69.60.122
321,Maryrose,Riguard,mriguard8w@msn.com,Female,71.242.47.152
,Celestyna,Chivrall,cchivrall8x@surveymonkey.com,Female,106.163.236.202
323,Ford,Allard,fallard8y@printfriendly.com,Male,90.51.161.143
324,Robinia,,remmerson8z@newsvine.com,,147.110.140.176
325,Vance,Rallin,vrallin90@exblog.jp,,91.222.226.73
,Emmott,,ebourtoumieux91@ebay.com,Male,184.179.20.81
327,Tana,,twesthoff92@yelp.com,,239.66.39.64
,Hugibert,,hpyvis93@de.vu,Polygender,219.233.139.223
329,Wilona,,wfortesquieu94@cnbc.com,,210.143.229.65
,Bartholemy,,brussell95@mediafire.com,Male,131.77.60.206
,Nesta,Qualtro,nqualtro96@tamu.edu,Female,35.255.105.77
332,Meara,Alldridge,malldridge97@ask.com,Female,100.224.202.68
333,Juliette,Rucklidge,jrucklidge98@google.ca,Female,183.30.244.230
334,Marcellina,,mgommowe99@diigo.com,Female,75.109.190.49
335,Zelda,Barts,zbarts9a@ox.ac.uk,,127.153.69.184
336,Seymour,,swiersma9b@businessweek.com,,68.227.142.3
,Dennet,Skoughman,dskoughman9c@over-blog.com,Male,188.243.138.201
338,Towney,,tashpital9d@webnode.com,,151.190.26.221
,Darcee,Butlin,dbutlin9e@feedburner.com,,137.2.146.20
340,Cathrine,Gilhooley,cgilhooley9f@wordpress.com,,78.161.66.216
341,Urbano,Livsey,ulivsey9g@mlb.com,,62.101.162.142
,Aksel,,abratley9h@qq.com,Male,86.168.116.80
343,Leroi,,lhorsell9i@pen.io,Male,6.0.114.146
344,Carmelia,,cberndt9j@paypal.com,,124.26.175.85
,,Challicombe,echallicombe9k@sciencedaily.com,,73.16.169.23
346,Perl,Bruggeman,pbruggeman9l@va.gov,Female,91.190.209.95
,Petrina,,pbushell9m@last.fm,,73.56.93.86
,Tomasine,Doerling,tdoerling9n@icq.com,,113.11.13.237
349,Rhodia,,rbrafferton9o@bravesites.com,,215.208.213.218
350,Evy,Lazarus,elazarus9p@engadget.com,Female,91.254.48.219
,Tanny,,tdawidowsky9q@ebay.com,,141.19.238.178
352,,,bbice9r@wikipedia.org,Female,224.233.202.179
353,Neala,,nswatton9s@gravatar.com,Female,45.9.88.124
354,Laney,Cisco,lcisco9t@taobao.com,,23.63.226.227
355,Siobhan,Maddox,smaddox9u@twitpic.com,,81.8.96.89
356,Frederick,Farndon,ffarndon9v@archive.org,,1.194.148.119
357,Billie,Yeude,byeude9w@shareasale.com,,223.43.38.177
358,Genvieve,Hassan,ghassan9x@woothemes.com,,227.158.124.196
359,Fidelity,Djurkovic,fdjurkovic9y@patch.com,,179.145.113.163
360,Genevieve,Sacase,gsacase9z@digg.com,Female,11.187.177.242
361,Alair,,aspringforda0@cnet.com,,237.146.24.72
362,Allyn,Hayer,ahayera1@networkadvertising.org,,19.130.93.117
363,Bearnard,Scading,bscadinga2@wufoo.com,,135.216.181.219
364,Mildred,Garroch,mgarrocha3@google.com,Genderfluid,222.3.37.183
365,,Arbuckel,parbuckela4@feedburner.com,,167.164.90.206
,Cyndie,Suggey,csuggeya5@skyrock.com,,131.224.78.103
367,Edy,,enestlea6@macromedia.com,Female,147.117.176.206
368,Sherry,Drage,sdragea7@quantcast.com,Female,250.146.195.177
369,Beniamino,,bstonestreeta8@latimes.com,,123.154.251.3
370,Claire,,clapadulaa9@dailymail.co.uk,Female,50.238.139.41
371,Franklyn,Dods,fdodsaa@instagram.com,Male,89.180.213.244
372,Marlene,Prujean,mprujeanab@macromedia.com,Female,193.203.146.216
373,Cristie,Butlin,cbutlinac@disqus.com,Female,117.49.179.160
374,Blake,,bdmisekad@360.cn,Female,213.40.120.74
375,Welsh,Hub,whubae@netscape.com,Male,105.243.75.140
376,Saba,Caville,scavilleaf@privacy.gov.au,,31.255.36.99
,Hewett,Van Der Hoog,hvanderhoogag@360.cn,,13.95.36.130
378,Korella,,ksaveallah@spotify.com,,59.75.110.252
379,Israel,Cullon,icullonai@intel.com,,42.73.18.163
380,Sande,Janning,sjanningaj@free.fr,,2.5.77.6
,Lainey,Gaythwaite,lgaythwaiteak@examiner.com,Female,108.196.122.160
,Horten,,hcoultasal@geocities.jp,Male,88.78.242.2
383,Wynn,Stallibrass,wstallibrassam@prnewswire.com,Female,120.254.77.169
,,,wjenckesan@intel.com,,218.98.53.136
385,Constancy,Skippen,cskippenao@hatena.ne.jp,,181.126.152.113
386,Birch,Roder,broderap@sohu.com,,183.182.204.149
387,Gerianne,Hellens,ghellensaq@tuttocitta.it,Female,216.137.80.157
,Berk,Jamison,bjamisonar@soup.io,Male,234.214.107.37
389,Heall,,hsieghardas@toplist.cz,Male,237.18.71.80
390,Sammy,Camber,scamberat@nydailynews.com,Male,224.202.233.129
391,Gene,Plak,gplakau@howstuffworks.com,,69.117.46.118
392,Cazzie,Moss,cmossav@pen.io,Male,3.224.240.167
393,Sherman,Conti,scontiaw@ca.gov,Male,178.49.65.90
394,Brion,Pitchers,bpitchersax@ucsd.edu,Male,138.232.99.18
395,Kassandra,,klarchiereay@yahoo.com,Genderfluid,203.83.67.117
396,Massimo,Janzen,mjanzenaz@toplist.cz,Male,252.126.6.74
397,Ives,Dockrill,idockrillb0@ca.gov,,109.80.161.252
398,Angy,Royson,aroysonb1@indiatimes.com,Female,193.199.136.239
399,Leonard,Asals,lasalsb2@networksolutions.com,Male,70.95.111.141
400,Aurora,,awilceb3@geocities.com,Polygender,241.183.150.48
401,Anthea,,aswettb4@princeton.edu,Female,198.219.6.33
,Lissi,,lruleb5@fema.gov,,255.118.60.67
403,Fritz,Stratz,fstratzb6@yale.edu,Male,211.60.182.163
,Launce,Wainer,lwainerb7@ted.com,Male,228.170.252.235
405,,,wadelbergb8@wikispaces.com,Polygender,64.116.156.6
406,Darb,,dspinksb9@unblog.fr,,167.122.85.51
407,Sherrie,Caldicot,scaldicotba@google.nl,Female,194.157.124.218
408,Rolfe,Gammack,rgammackbb@is.gd,Male,57.120.109.0
409,Joane,Ghilardini,jghilardinibc@wordpress.org,Female,98.119.98.48
,Lezley,Rubinow,lrubinowbd@nydailynews.com,Male,150.141.194.29
,Olive,Hanning,ohanningbe@sciencedirect.com,,100.229.59.153
412,Demeter,Alexandre,dalexandrebf@redcross.org,Female,8.131.72.6
,Leontine,,ladamobg@salon.com,,104.205.78.13
,Camille,Wyldes,cwyldesbh@aboutads.info,,89.115.224.49
415,,McKinie,cmckiniebi@hubpages.com,Female,150.9.8.162
,Lemar,Larcher,llarcherbj@clickbank.net,Male,109.101.143.216
,Licha,Omand,lomandbk@posterous.com,Female,91.64.107.30
418,Jesus,Rickets,jricketsbl@newyorker.com,,231.21.142.79
419,Arlyne,,arehorekbm@rambler.ru,,172.232.185.127
420,Buffy,,bconnuebn@dropbox.com,Female,130.75.63.24
,Eldin,,emccurlyebo@ezinearticles.com,,23.46.121.137
,Alvie,,acroydenbp@behance.net,,24.102.99.236
423,,Bess,mbessbq@rediff.com,,115.145.32.192
424,Koren,Paternoster,kpaternosterbr@nymag.com,,152.154.23.179
425,Henrie,Matyja,hmatyjabs@cam.ac.uk,Female,122.14.192.236
426,Luca,,lmacgillivraybt@ezinearticles.com,Polygender,107.27.236.5
427,Ricky,MacGibbon,rmacgibbonbu@addtoany.com,Female,116.10.216.2
,Dennet,Dupey,ddupeybv@moonfruit.com,Male,118.81.97.225
429,Frederique,Hickenbottom,fhickenbottombw@tiny.cc,,19.93.190.170
,Steffie,McTrustram,smctrustrambx@google.com.br,Female,164.169.139.65
431,Ferdy,,fsanciasby@istockphoto.com,,78.32.162.190
432,Siegfried,,sgerholdbz@dailymotion.com,Male,187.148.128.238
433,Anthiathia,Thwaites,athwaitesc0@statcounter.com,,219.33.92.40
434,Bel,Chattell,bchattellc1@uiuc.edu,,243.126.120.204
435,Michal,Abrahart,mabrahartc2@symantec.com,,101.238.214.155
436,Joy,,jbatesc3@goo.gl,Female,100.228.218.73
437,Bette-ann,Pummery,bpummeryc4@nasa.gov,Female,146.109.191.184
438,Mehetabel,,mcrewc5@ucoz.com,Female,167.168.15.170
,Demetrius,Thrower,dthrowerc6@yahoo.co.jp,,159.65.189.24
440,Lorinda,Sivill,lsivillc7@sourceforge.net,,92.202.195.25
441,Adolph,Kissick,akissickc8@bigcartel.com,,72.50.178.232
442,Edi,Reany,ereanyc9@free.fr,Female,42.150.95.249
443,Bennie,Rany,branyca@stanford.edu,,184.211.116.138
444,Friederike,Burtwistle,fburtwistlecb@arstechnica.com,Female,214.219.131.48
445,,,tblakemorecc@loc.gov,Female,72.227.31.67
446,Germaine,,ggilderscd@fc2.com,,2.150.110.34
447,Kathleen,Peddie,kpeddiece@house.gov,Female,107.220.94.251
448,Candice,,coconcannoncf@people.com.cn,Female,212.15.89.63
449,Guenevere,,gpomfreycg@lulu.com,Female,9.125.212.113
450,Dinny,Huckett,dhuckettch@hibu.com,Female,228.227.147.24
451,Malvina,Yeudall,myeudallci@telegraph.co.uk,Female,189.16.152.48
452,,Heinschke,jheinschkecj@is.gd,Agender,1.216.17.45
453,Cori,,cransonck@discovery.com,Male,58.200.217.4
,Sabina,Pollen,spollencl@marriott.com,,171.121.36.70
455,Cam,,cmynercm@amazon.co.jp,Bigender,12.23.225.244
456,Fanni,Broomer,fbroomercn@ed.gov,Female,16.102.228.160
457,,Ranklin,kranklinco@networksolutions.com,Female,147.89.99.255
458,Grant,Corbally,gcorballycp@comsenz.com,Male,202.159.40.58
459,Averell,,akohrtcq@census.gov,,221.250.214.159
460,Lucina,Lanceley,llanceleycr@mac.com,,89.109.186.254
461,,Arpur,aarpurcs@msu.edu,,67.116.12.72
462,Goldia,Barkas,gbarkasct@blog.com,Female,180.166.22.127
463,Aretha,Burl,aburlcu@mac.com,,217.11.104.187
,Georgia,Kubicka,gkubickacv@fotki.com,Female,212.95.98.101
,Garek,Bulfoot,gbulfootcw@exblog.jp,Male,3.192.35.43
466,Elizabeth,,ejentlecx@quantcast.com,,246.199.143.246
467,Eachelle,Woodvine,ewoodvinecy@fastcompany.com,Female,234.196.52.14
468,Kissee,Sheering,ksheeringcz@adobe.com,Female,149.128.81.148
469,Winnah,,wmaharryd0@theatlantic.com,Female,119.66.16.70
470,Gloriane,Huchot,ghuchotd1@bluehost.com,Female,59.184.153.75
471,Bailey,Blose,bblosed2@cdbaby.com,,182.107.6.197
,,Teese,rteesed3@fotki.com,,238.184.158.189
473,Nikolas,Hillatt,nhillattd4@behance.net,Male,56.26.4.41
474,Alvan,Sermin,asermind5@opensource.org,Male,31.206.101.7
,Maryann,,mchattockd6@spotify.com,,1.39.236.134
476,Abelard,Vaneev,avaneevd7@theguardian.com,,151.104.224.134
,Alastair,Iglesias,aiglesiasd8@pen.io,,180.236.106.69
478,Indira,Spinney,ispinneyd9@earthlink.net,Female,59.61.182.51
,Ursuline,Surman-Wells,usurmanwellsda@nationalgeographic.com,Female,148.232.54.155
,,Coward,ccowarddb@wix.com,,7.140.86.85
481,Clio,,ctopperdc@51.la,,88.203.90.138
,Bent,Reichardt,breichardtdd@opensource.org,Male,179.165.201.132
483,Ulrika,Summerlee,usummerleede@google.com.br,Female,1.97.77.52
484,Gustaf,,gstanmandf@va.gov,,27.119.158.218
485,Cull,,cbuckledg@pcworld.com,Male,56.45.71.161
486,Lisbeth,Loblie,llobliedh@dell.com,,227.81.115.75
487,Sibbie,McGlone,smcglonedi@elegantthemes.com,,0.126.131.208
,Catlaina,Palatini,cpalatinidj@istockphoto.com,,197.52.135.101
489,,Gorgl,ggorgldk@hatena.ne.jp,,156.77.250.88
,Philippine,Danielli,pdaniellidl@example.com,Female,193.178.148.212
491,Mable,Rubinek,mrubinekdm@amazon.com,Female,139.157.117.206
492,Maris,Anear,maneardn@thetimes.co.uk,,78.156.140.251
493,Dallis,Grewer,dgrewerdo@spotify.com,,121.7.227.19
494,,Cobb,tcobbdp@zdnet.com,,122.209.143.145
495,Beau,,broisendq@typepad.com,Genderfluid,201.129.29.4
496,Heidi,Maytum,hmaytumdr@1688.com,Female,64.53.186.223
497,Karon,,kazemads@list-manage.com,Female,156.28.242.28
498,Helsa,,hwrenchdt@163.com,Female,200.210.126.173
,Dalton,,dgaultdu@google.com.hk,Male,84.139.173.41
500,Becki,,bnibleydv@sitemeter.com,,73.163.46.146
501,Janeen,Harcombe,jharcombedw@opera.com,,16.80.103.146
502,Maximo,Duckers,mduckersdx@webmd.com,,60.79.22.70
503,Rafi,Kolis,rkolisdy@ted.com,Male,174.106.166.175
504,Fax,Skipsea,fskipseadz@java.com,Male,206.13.240.167
505,,Pilipets,bpilipetse0@twitter.com,Male,206.235.235.167
,Dagmar,Besse,dbessee1@zdnet.com,,91.135.203.3
507,Kally,Buzza,kbuzzae2@yandex.ru,,105.89.70.232
,,Fisby,efisbye3@istockphoto.com,Male,81.71.200.145
509,Lorry,Ellse,lellsee4@google.de,,113.102.3.31
510,Herbert,Keirl,hkeirle5@squidoo.com,,232.24.73.225
511,Franciskus,Fielder,ffieldere6@drupal.org,,172.241.228.195
512,Sallie,,smickleboroughe7@shinystat.com,Genderfluid,134.35.155.66
513,,Drezzer,adrezzere8@ovh.net,Agender,104.123.141.210
514,,Lanahan,dlanahane9@php.net,Male,43.37.179.32
515,Cass,Bragg,cbraggea@foxnews.com,,226.185.108.41
516,Stearne,,sferrettinoeb@columbia.edu,Male,140.151.180.207
517,Craggy,Rudeforth,crudeforthec@prnewswire.com,Male,22.118.47.113
518,Nickie,Mounce,nmounceed@lycos.com,,135.69.30.20
519,Lacee,,lmcgrailee@washingtonpost.com,Female,184.143.58.192
520,Shoshana,,slawlingsef@ftc.gov,Female,182.251.224.38
521,Fawn,Doyley,fdoyleyeg@dion.ne.jp,Female,145.73.85.143
522,Kaile,Lennard,klennardeh@ted.com,,70.46.107.211
523,Kristian,,kmammattei@ovh.net,Male,237.98.92.231
524,Hartwell,Mayow,hmayowej@unicef.org,,186.16.87.219
525,,Sollon,dsollonek@vk.com,,74.91.174.89
,Fred,Boyson,fboysonel@state.tx.us,Male,52.117.196.157
,Kip,,kdawsonem@alexa.com,,161.26.98.103
528,Zacharias,,zsloperen@huffingtonpost.com,,224.43.161.140
529,Moses,,mpietereo@hugedomains.com,,146.89.147.230
530,Zack,Vannucci,zvannucciep@livejournal.com,,142.132.237.116
531,Jo,,jneeveseq@reddit.com,,146.218.109.229
,Krisha,Stenett,kstenetter@over-blog.com,Male,76.7.250.176
533,Camille,Tann,ctannes@cbslocal.com,Female,35.224.98.82
534,Meier,,mcornallet@ebay.com,Male,107.154.123.149
535,Kristin,Renfree,krenfreeeu@prlog.org,Female,244.238.255.231
,,Feldhuhn,sfeldhuhnev@dropbox.com,Female,54.230.136.4
,Sallie,Philipeaux,sphilipeauxew@ted.com,Female,206.27.190.247
538,Betsey,Guerreiro,bguerreiroex@mapy.cz,,11.13.250.176
539,Ansley,,ahassentey@freewebs.com,Female,230.28.90.41
540,Annie,Langlois,alangloisez@unblog.fr,,10.71.141.107
541,Brenden,Anchor,banchorf0@hugedomains.com,,70.83.8.49
542,Ethyl,Joblin,ejoblinf1@studiopress.com,,132.2.185.244
,Dalt,Tenbrug,dtenbrugf2@netscape.com,,142.34.17.112
544,,,kboddamf3@slashdot.org,,174.195.5.159
545,Ginnie,Suche,gsuchef4@amazon.co.jp,,68.237.240.190
546,Gabbie,,gproudlockf5@mapquest.com,Male,167.61.191.197
547,,Houseago,ehouseagof6@mac.com,,130.107.110.154
548,Sara-ann,Byram,sbyramf7@google.cn,Female,209.78.241.148
,Zonda,Alphonso,zalphonsof8@amazon.com,Female,65.166.126.139
550,Vaughan,Sweatman,vsweatmanf9@uiuc.edu,,69.101.196.225
551,Astrix,,aswinburnfa@mapquest.com,,173.221.146.130
552,Rivy,Ethridge,rethridgefb@tinyurl.com,,227.40.139.21
,Darnell,Wankel,dwankelfc@purevolume.com,,224.226.131.189
554,Fleur,Oboy,foboyfd@techcrunch.com,,58.253.195.4
555,Clarence,,csillarsfe@hao123.com,,193.147.185.213
556,Aggy,Jonah,ajonahff@discuz.net,,128.27.76.153
557,Nanon,Darlaston,ndarlastonfg@geocities.com,Female,132.177.218.168
558,Dorelle,Cowans,dcowansfh@squidoo.com,Female,72.162.179.40
559,Alf,Frankel,afrankelfi@intel.com,Male,157.37.86.168
560,Kari,,kgatclifffj@wiley.com,,30.231.230.68
561,Dalt,Mitkin,dmitkinfk@google.pl,Male,143.254.206.198
562,Celinka,Halladay,challadayfl@pbs.org,,173.164.193.175
,Cyril,,cpimmfm@mapy.cz,Male,197.22.84.173
564,Philipa,Coates,pcoatesfn@ed.gov,,217.171.89.137
,Evangeline,Bashford,ebashfordfo@dion.ne.jp,,185.56.244.37
566,Roseanne,Itzkovwich,ritzkovwichfp@buzzfeed.com,,72.59.104.215
567,Vassily,Crawshay,vcrawshayfq@nih.gov,,79.133.247.240
568,Lin,Scase,lscasefr@prlog.org,Polygender,252.102.82.144
,Moyna,Bucklee,mbuckleefs@macromedia.com,Female,187.68.123.104
,,Hoyle,lhoyleft@vistaprint.com,,59.89.51.223
571,Nehemiah,,nawmackfu@prnewswire.com,,134.33.140.170
572,Grange,,glewensfv@mashable.com,,160.107.195.137
573,Rab,,rstrandfw@bbc.co.uk,Male,62.137.109.113
574,Michaella,Giorgi,mgiorgifx@craigslist.org,,27.60.46.49
575,Car,Marl,cmarlfy@yolasite.com,Male,12.61.232.48
576,Pollyanna,Leaming,pleamingfz@webmd.com,Female,47.122.80.141
577,,,dpolleyeg0@wikipedia.org,,200.93.241.148
578,Buffy,Bearcock,bbearcockg1@1688.com,,64.219.34.175
579,Palmer,Jervois,pjervoisg2@ucsd.edu,,60.140.50.105
580,Lanie,Wombwell,lwombwellg3@people.com.cn,,247.4.74.247
581,Veronica,Webben,vwebbeng4@delicious.com,,42.91.31.143
,Giralda,Eads,geadsg5@mit.edu,,125.119.90.198
583,Lewiss,,ldewsnapg6@upenn.edu,Male,36.49.177.1
584,Olimpia,,oelacoateg7@pinterest.com,,54.124.120.24
585,Sigismundo,,sgekeg8@unicef.org,,117.46.61.69
,,Haxbie,ghaxbieg9@icio.us,,164.16.82.250
,Virginie,,vgillinghamga@macromedia.com,Female,31.105.67.161
588,,Moughtin,dmoughtingb@zdnet.com,,35.55.121.174
,Geri,Gasparro,ggasparrogc@bravesites.com,Male,243.214.139.52
590,Valencia,,vloncastergd@de.vu,Female,123.240.31.178
,Merrill,Sergean,msergeange@mac.com,Male,34.170.194.50
592,Roscoe,,rjuanesgf@yolasite.com,Male,68.128.85.129
593,Manny,,mloaldaygg@freewebs.com,Male,158.242.131.183
594,Eran,Boothby,eboothbygh@diigo.com,,231.181.77.114
,Luciana,Gwyer,lgwyergi@addtoany.com,,101.219.89.140
596,Garvy,Vittel,gvittelgj@tripadvisor.com,,30.16.203.167
,Rubi,Tibols,rtibolsgk@ftc.gov,Female,78.205.22.116
598,Tallie,,thussellgl@e-recht24.de,Male,28.242.13.22
599,Stewart,Cancott,scancottgm@imdb.com,,30.109.83.57
600,Humfried,,hlindenstraussgn@xinhuanet.com,,44.40.12.60
601,Chandra,Egdale,cegdalego@ed.gov,,137.4.202.70
602,Becky,,brubinovgp@hp.com,,93.148.96.75
603,Nelia,Drake,ndrakegq@theatlantic.com,Female,2.62.39.170
604,Lynnett,Busst,lbusstgr@wikispaces.com,,84.42.72.91
605,,Ryan,fryangs@hatena.ne.jp,Female,194.41.68.133
606,Karoly,Fish,kfishgt@wordpress.org,Male,150.8.146.111
607,Ella,Buske,ebuskegu@purevolume.com,Female,245.172.56.64
608,Elsinore,Bondy,ebondygv@nih.gov,,189.29.11.224
609,Maurita,Arkow,markowgw@cbsnews.com,,212.246.251.201
610,Shela,,smorlinggx@bigcartel.com,,57.81.108.21
611,Lothaire,,ldregangy@privacy.gov.au,Male,201.94.176.96
612,Major,Thresh,mthreshgz@mapquest.com,,178.222.80.94
,,Obispo,zobispoh0@eepurl.com,Female,236.211.71.140
614,Laurene,,lsandesonh1@soup.io,,159.186.107.112
,Seymour,,sewebankh2@photobucket.com,,165.84.87.210
616,Charil,Oakeshott,coakeshotth3@jigsy.com,,2.202.254.157
617,Anya,,ablagbroughh4@ocn.ne.jp,,143.135.245.13
618,Mahmud,,mjorih5@latimes.com,,194.132.132.100
619,Nikita,,nfidelush6@mapquest.com,,178.58.249.113
,Denny,,dbirchwoodh7@shareasale.com,Genderqueer,102.6.58.233
,Madge,Blissitt,mblissitth8@senate.gov,,209.11.40.168
622,Ricardo,,rcroninh9@kickstarter.com,Male,33.207.129.150
623,Dulsea,Harmson,dharmsonha@cornell.edu,,189.231.222.64
624,Myca,Baldini,mbaldinihb@dmoz.org,Male,154.82.210.12
625,Terrel,Lathleiffure,tlathleiffurehc@woothemes.com,,106.116.27.114
626,Haskell,,hjandelhd@cdc.gov,,247.35.216.47
627,Keriann,Hedylstone,khedylstonehe@fastcompany.com,,178.58.128.80
628,Joycelin,Bakey,jbakeyhf@ehow.com,,23.94.55.29
629,Trent,McGonnell,tmcgonnellhg@macromedia.com,,186.10.38.5
630,Felicio,Klimentyev,fklimentyevhh@nasa.gov,Non-binary,22.12.239.81
631,Laverna,Crocken,lcrockenhi@google.com.hk,,121.206.39.223
632,Fielding,Fenwick,ffenwickhj@woothemes.com,,254.72.8.127
633,,Radwell,eradwellhk@opensource.org,Male,79.55.130.202
634,,,arayehl@paypal.com,,100.63.2.159
635,Kathleen,Bellsham,kbellshamhm@tinypic.com,Female,44.130.253.47
636,Zak,,ztreleavenhn@xing.com,Male,103.74.23.225
637,Donaugh,Eayrs,deayrsho@chicagotribune.com,Male,11.163.67.149
638,,,jnussiihp@ft.com,,19.144.45.11
639,Otha,Ollerearnshaw,oollerearnshawhq@techcrunch.com,,53.29.101.94
640,Nappy,,ngivenshr@businessinsider.com,Male,66.26.199.17
641,Davina,Miroy,dmiroyhs@wix.com,Female,109.94.42.38
642,Virgina,Paszak,vpaszakht@topsy.com,Female,17.227.176.212
643,Tallie,,ttitchardhu@rambler.ru,,90.3.251.26
644,,Boost,cboosthv@about.me,,232.238.226.114
645,Donna,Teesdale,dteesdalehw@artisteer.com,,25.204.227.186
646,Lenee,Spavins,lspavinshx@com.com,,253.38.149.32
647,Janella,,jklehynhy@printfriendly.com,,102.215.88.250
648,,Jeffels,njeffelshz@storify.com,Female,154.168.107.28
649,,Richardot,rrichardoti0@slideshare.net,,125.215.93.210
650,Burnard,Feehery,bfeeheryi1@theatlantic.com,,44.14.49.150
,Pauline,,pemminsi2@tumblr.com,,242.29.85.82
652,Hyman,Axby,haxbyi3@uol.com.br,,89.78.17.91
653,Riki,Petch,rpetchi4@linkedin.com,,46.121.95.113
654,Paule,,ppadsoni5@webs.com,Female,81.166.27.44
,Alyda,Crose,acrosei6@un.org,,27.38.217.26
656,Lida,Dowglass,ldowglassi7@canalblog.com,,137.221.231.131
,Fern,,faltamiranoi8@boston.com,,77.46.95.193
,Niven,McDonough,nmcdonoughi9@geocities.com,,75.249.86.82
659,Aline,,amensleria@howstuffworks.com,Female,25.173.53.215
660,Ansell,Wybrow,awybrowib@virginia.edu,Male,227.105.79.164
,Erna,Heustace,eheustaceic@nifty.com,Female,169.174.118.61
662,,Breukelman,abreukelmanid@booking.com,Male,230.48.100.63
663,Ilyse,Reddan,ireddanie@redcross.org,Female,225.239.215.60
664,Jewel,Brooksby,jbrooksbyif@walmart.com,,168.47.141.229
665,Haily,Neno,hnenoig@cbslocal.com,Female,102.252.144.58
,Seth,,spostiansih@artisteer.com,,234.137.29.139
,Dory,,dernkeii@google.com,Female,112.27.46.31
668,Alexa,Lapslie,alapslieij@utexas.edu,,205.13.191.83
669,Leeann,,lmacknielyik@google.es,,192.245.14.174
670,Angelica,Leven,alevenil@google.cn,,214.180.8.189
,,,gseathwrightim@japanpost.jp,,62.196.230.223
672,Kanya,Courtman,kcourtmanin@tiny.cc,Female,107.240.112.57
673,Vanya,,vschlaghio@arstechnica.com,Male,223.28.152.103
674,Bartel,,bkiffinip@paypal.com,Male,185.105.77.72
675,Hersh,,hcoolicaniq@i2i.jp,Non-binary,46.146.201.230
,Myles,,mmccagueir@twitpic.com,,173.156.238.60
,Lizzie,,lperrittis@utexas.edu,Female,126.192.249.42
678,Stanleigh,Ruger,srugerit@ucsd.edu,Male,240.229.216.150
,Robbert,,rmcfadzeaniu@time.com,,101.43.255.184
,Alyosha,McSaul,amcsauliv@ibm.com,,35.243.120.138
681,,Kobiela,akobielaiw@google.cn,,66.22.239.142
,Jasun,Dominichetti,jdominichettiix@thetimes.co.uk,,56.56.219.20
,Zora,Bredes,zbredesiy@mlb.com,Female,199.153.193.10
684,Braden,Fleeming,bfleemingiz@ox.ac.uk,Male,145.63.108.251
,Brannon,Faunch,bfaunchj0@ustream.tv,,146.220.113.103
686,Peder,,pdenhamj1@foxnews.com,Male,35.192.11.82
687,Sibbie,Giurio,sgiurioj2@indiegogo.com,Female,104.196.119.34
688,Bailey,Hair,bhairj3@wix.com,Male,213.253.136.95
689,,Miko,amikoj4@merriam-webster.com,,37.91.253.139
690,Alidia,Deboy,adeboyj5@de.vu,,165.150.66.184
691,Manda,Roe,mroej6@bigcartel.com,,61.187.253.235
692,Bryan,Camblin,bcamblinj7@blogspot.com,Male,227.27.57.23
693,Deva,de Wilde,ddewildej8@answers.com,,166.97.160.120
,Alain,,atraskej9@google.com.br,Male,155.179.113.168
695,Maritsa,Matuszyk,mmatuszykja@issuu.com,Female,227.66.28.20
696,Neron,,nlaiblejb@vistaprint.com,Male,205.105.62.151
,Brennen,Bellinger,bbellingerjc@spotify.com,Agender,141.149.232.19
,Stella,Sorrel,ssorreljd@bloomberg.com,Female,152.208.77.177
699,Hodge,Kleinstein,hkleinsteinje@edublogs.org,Genderqueer,28.53.193.148
700,Tedmund,,tsnoxelljf@scientificamerican.com,,83.27.42.218
,Cornelia,,cbarhamjg@trellian.com,,147.57.95.145
,,Costall,hcostalljh@weebly.com,,145.93.129.60
,Nathaniel,Dellow,ndellowji@nhs.uk,,251.206.250.141
704,Felicdad,Zack,fzackjj@livejournal.com,Female,81.171.234.199
705,Clerkclaude,Yaneev,cyaneevjk@miitbeian.gov.cn,Male,90.144.167.180
706,,,sdooneyjl@prlog.org,,80.4.88.55
,Micheil,Caukill,mcaukilljm@google.com,,11.3.0.27
708,Farrand,,fmancktelowjn@cisco.com,Female,96.4.255.220
709,Moria,Gietz,mgietzjo@un.org,,171.6.158.115
,Velma,Yesinin,vyesininjp@washington.edu,,101.89.103.237
711,Hildagarde,Haney,hhaneyjq@rambler.ru,,26.10.70.116
712,Charlotte,Munks,cmunksjr@auda.org.au,Female,0.31.3.45
713,Tim,,tflowerdenjs@dmoz.org,Female,91.150.171.40
714,Donia,,dstudartjt@deviantart.com,,153.187.50.192
715,Charleen,Trundell,ctrundellju@360.cn,,143.23.68.181
716,Cherey,Fosdick,cfosdickjv@cargocollective.com,Female,209.242.196.156
717,,Molyneux,bmolyneuxjw@google.co.uk,Female,30.227.117.242
718,Laina,Antwis,lantwisjx@umich.edu,Female,224.106.63.251
719,Dreddy,Yashaev,dyashaevjy@independent.co.uk,Genderfluid,3.36.154.224
720,Uriel,Dorken,udorkenjz@lycos.com,Male,75.203.62.178
,Arv,,abrunkek0@php.net,,90.110.73.30
722,,,jriordank1@china.com.cn,Male,120.227.62.145
,Myrtia,Primett,mprimettk2@blogs.com,,150.9.16.2
724,Carmelina,,csellmank3@w3.org,,66.24.81.103
,Gaye,,gcregank4@mysql.com,,179.25.156.71
726,Alverta,,apastork5@cbsnews.com,,41.191.245.186
727,Zebadiah,Du Plantier,zduplantierk6@google.cn,Male,22.127.13.35
728,Gavin,,gschimannk7@netscape.com,,168.116.143.76
729,Madison,Catcheside,mcatchesidek8@free.fr,,29.11.3.222
730,Ade,White,awhitek9@delicious.com,,19.147.110.49
731,,Cumpsty,lcumpstyka@youku.com,Male,81.188.253.192
,,,mgoundsykb@nbcnews.com,,178.199.190.163
733,Godfry,,geagletonkc@howstuffworks.com,,176.213.137.198
,Corie,,cisseleekd@auda.org.au,Female,191.33.198.154
735,Fraser,,fmclewdke@howstuffworks.com,,135.88.32.69
736,,,cbadgerskf@foxnews.com,,145.207.52.237
737,Ariel,Huchot,ahuchotkg@blogtalkradio.com,Male,34.35.95.206
738,Tamiko,,tlapiduskh@ed.gov,,240.247.12.41
739,Marjorie,Wellsman,mwellsmanki@paginegialle.it,Female,12.214.213.125
740,Roberta,Lorent,rlorentkj@slideshare.net,Female,199.103.149.162
,Edgar,Lawrey,elawreykk@theguardian.com,Male,112.32.158.172
742,Basilius,,bmcnicolkl@rakuten.co.jp,,206.234.232.168
743,Linn,,ltolomeikm@wikipedia.org,Male,169.174.37.140
744,Ron,Phethean,rphetheankn@answers.com,,54.177.63.105
745,Lola,Covert,lcovertko@163.com,Female,54.24.12.233
746,Delainey,Stitch,dstitchkp@ning.com,Male,10.33.31.109
747,Penny,Boal,pboalkq@ustream.tv,Male,217.133.38.32
748,Callean,Glossop,cglossopkr@ihg.com,Male,237.20.45.138
749,Peg,,pdefewks@sfgate.com,,88.143.178.125
750,Christiane,Heaney,cheaneykt@hubpages.com,Female,176.138.4.95
751,Myra,Skeen,mskeenku@nba.com,Female,250.90.251.254
752,Cindy,Murrhaupt,cmurrhauptkv@un.org,,142.99.43.201
753,Osbourn,Consadine,oconsadinekw@cafepress.com,Male,52.112.31.74
754,Tess,Avrahm,tavrahmkx@symantec.com,,56.76.137.12
755,Ulrike,,ulokierky@free.fr,Female,131.121.151.174
,Julianna,Schott,jschottkz@yale.edu,,42.45.192.246
757,Byram,Tattam,btattaml0@columbia.edu,Male,143.22.1.113
758,Holly,,hcosgrovel1@hostgator.com,,28.112.106.173
759,Gifford,,golenikovl2@reference.com,,94.150.169.113
760,Lebbie,Bratley,lbratleyl3@joomla.org,Female,180.16.80.114
,Shermy,Wissby,swissbyl4@dagondesign.com,Male,255.185.22.167
762,Dot,Duham,dduhaml5@illinois.edu,,41.133.194.142
,Cayla,Applebee,capplebeel6@reverbnation.com,,239.178.89.28
,Camel,,crubinowl7@dion.ne.jp,,23.28.212.204
,,O'Cuddie,cocuddiel8@latimes.com,,149.69.147.101
766,Giustino,Bricham,gbrichaml9@tumblr.com,,146.122.188.9
767,Ali,Crichmere,acrichmerela@umich.edu,Agender,63.130.45.96
768,Seward,,sweldenlb@google.nl,,71.84.175.43
769,Anthony,Prewer,aprewerlc@addthis.com,,178.36.85.244
770,Tremain,Juggins,tjugginsld@1688.com,,123.237.199.211
771,Fianna,Razoux,frazouxle@archive.org,Female,239.20.107.73
772,Max,,mchasierlf@shinystat.com,,133.87.231.185
773,Karlee,Shortell,kshortelllg@wunderground.com,Female,36.199.101.77
774,Willow,,wrearylh@sbwire.com,,234.136.130.193
775,Lonnie,Bogaert,lbogaertli@google.it,,68.56.154.251
776,,Maiden,tmaidenlj@sfgate.com,,167.136.7.82
777,Marji,,mmerrelllk@i2i.jp,Female,229.86.238.184
778,,Wigsell,bwigsellll@alexa.com,Male,100.41.160.233
779,Charis,,cmatuszynskilm@squidoo.com,,135.170.82.1
780,Travers,Langstaff,tlangstaffln@tinyurl.com,Male,147.161.183.182
781,Pennie,Playhill,pplayhilllo@independent.co.uk,,48.75.177.201
782,Cleve,,chaggerlp@chicagotribune.com,Male,221.252.185.165
,,Guare,bguarelq@unblog.fr,Female,106.130.166.160
,Birgitta,,bwardlowlr@drupal.org,Female,226.132.185.70
785,,Jude,ejudels@cnet.com,Male,20.90.234.67
786,Darcy,Sposito,dspositolt@cpanel.net,,22.88.174.136
787,Annamarie,Callinan,acallinanlu@cornell.edu,,215.142.254.243
788,Olivero,Jouning,ojouninglv@hostgator.com,Male,157.42.139.37
789,Aloysius,,amacvicarlw@studiopress.com,Male,145.183.239.134
790,Otha,Carlens,ocarlenslx@ocn.ne.jp,Polygender,122.174.117.183
,Monte,MacGow,mmacgowly@forbes.com,,194.149.206.181
792,Vernice,,varchardlz@ucoz.com,Female,163.28.254.208
793,Emanuel,,ebellenym0@unesco.org,Bigender,221.26.186.17
794,Paton,,ptouzeym1@php.net,Male,141.183.103.60
,Jonell,Headings,jheadingsm2@com.com,Female,66.128.68.243
,Ignacius,,inappinm3@drupal.org,Male,233.147.19.62
797,Arlana,Gandy,agandym4@google.pl,,19.3.245.144
798,Marni,,mandrinim5@nhs.uk,Female,127.235.140.212
799,Ingeberg,MacKnight,imacknightm6@ucoz.com,Non-binary,145.117.143.105
800,Carol,Bettanay,cbettanaym7@vk.com,Female,159.141.172.81
801,,Fern,cfernm8@sfgate.com,,17.95.86.254
802,Jory,,jnewrickm9@fotki.com,Male,20.253.154.157
,Had,Dybbe,hdybbema@imageshack.us,,136.180.30.213
804,,,ahuffymb@whitehouse.gov,,164.243.238.224
805,Cathlene,Ellesmere,cellesmeremc@netlog.com,,196.45.245.139
806,Cathryn,Conochie,cconochiemd@microsoft.com,,21.1.237.85
807,Rica,,rhaggartyme@sina.com.cn,,192.111.217.47
808,Jacqui,Dell 'Orto,jdellortomf@wunderground.com,Female,31.75.73.35
,Maddalena,Hlavac,mhlavacmg@ca.gov,Female,35.179.229.120
810,Fredrika,Tillyer,ftillyermh@rambler.ru,Genderfluid,181.54.159.59
811,Moreen,,mgoddmanmi@simplemachines.org,Female,146.50.107.16
812,Quintin,,qviggarsmj@vkontakte.ru,,160.53.18.202
,Shela,Laviss,slavissmk@dot.gov,,230.228.132.180
,Cherilynn,,ccutcheyml@wikimedia.org,Female,107.184.50.200
815,Zilvia,Cogswell,zcogswellmm@free.fr,,217.160.30.187
816,Gretta,Grigorian,ggrigorianmn@dailymotion.com,,65.244.92.29
817,,,csurgeymo@ocn.ne.jp,,221.115.147.241
818,Ignacius,,icolingmp@apache.org,Male,138.64.243.230
,Cal,Alderman,caldermanmq@newyorker.com,Genderqueer,26.243.77.120
820,Cathie,Parkes,cparkesmr@weibo.com,Female,69.185.19.147
821,Barnett,Hadkins,bhadkinsms@ow.ly,Male,109.227.66.34
822,Eugenie,Dunbabin,edunbabinmt@51.la,,202.235.133.175
823,Bev,,bmorricemu@umn.edu,Male,105.228.248.161
824,Conni,Bevir,cbevirmv@yellowbook.com,,4.142.173.164
825,Ysabel,Olivey,yoliveymw@ibm.com,Female,239.216.8.198
,Nikolia,,npasslermx@fc2.com,Female,83.64.13.102
827,Ewen,Dupey,edupeymy@earthlink.net,,162.17.56.202
,Brooke,Janes,bjanesmz@amazon.co.jp,,101.237.136.218
829,,Risebarer,rrisebarern0@about.com,,135.149.93.44
830,Arel,,agraysmarkn1@symantec.com,Male,45.169.219.208
831,Gunar,,geidlern2@usatoday.com,Male,213.241.62.191
832,Conny,Norcutt,cnorcuttn3@dmoz.org,,153.91.230.79
,Krystle,Piborn,kpibornn4@si.edu,,186.174.66.128
834,Heloise,Buckby,hbuckbyn5@sphinn.com,,198.1.217.218
835,Jehanna,,jennorn6@behance.net,,207.52.6.244
836,,Marven,cmarvenn7@tamu.edu,,123.141.22.201
837,Chloris,Eilles,ceillesn8@ehow.com,,154.2.153.36
838,Tait,,ttenchn9@yellowpages.com,,27.244.248.38
839,,Warlowe,twarlowena@google.com.au,Female,139.6.249.63
840,Nerita,,nyeanb@csmonitor.com,,228.54.117.39
841,Lemar,Andri,landrinc@fotki.com,,38.33.169.66
,Thomasin,,tmcwardnd@behance.net,,140.88.103.255
843,Jammie,,jtarquinine@smh.com.au,,142.29.203.155
,Barr,Aysh,bayshnf@ibm.com,,89.95.31.88
845,Forbes,,fmccurdyng@soundcloud.com,Male,3.123.94.137
846,Caralie,Habin,chabinnh@cbc.ca,Female,206.76.173.113
847,Patton,Kearn,pkearnni@businessweek.com,,47.42.151.216
,Bellanca,Capewell,bcapewellnj@archive.org,,64.145.25.196
849,Oberon,Guthrum,oguthrumnk@mac.com,Male,85.106.118.138
850,Jacki,Kirwin,jkirwinnl@merriam-webster.com,Female,251.88.140.212
851,,,kreinbecknm@so-net.ne.jp,,41.202.191.8
852,Kimberlee,,kredholesnn@tripadvisor.com,Genderfluid,33.249.145.39
853,Libbey,Exon,lexonno@blogs.com,,28.8.60.163
854,Den,Trowler,dtrowlernp@archive.org,Male,183.200.165.107
855,Florida,Nobles,fnoblesnq@cnn.com,,11.72.172.191
856,Ilyse,,itareenr@domainmarket.com,,61.108.39.86
857,Jamal,Joao,jjoaons@eventbrite.com,Male,97.168.233.123
858,,Norgate,znorgatent@1688.com,Male,2.124.135.48
859,Catlaina,Perelli,cperellinu@trellian.com,Female,194.235.179.231
,Min,Legrave,mlegravenv@army.mil,,245.115.117.70
861,Helga,,hridettnw@naver.com,,231.95.161.59
862,Andras,Haffard,ahaffardnx@nytimes.com,,199.120.178.53
863,Huntley,,hblackmuirny@blinklist.com,,221.234.68.37
864,Yolanda,,ydeenernz@wix.com,Female,24.67.249.193
,Crin,Haton,chatono0@nymag.com,,8.63.43.142
866,Katya,Marven,kmarveno1@qq.com,Female,133.134.21.188
867,Eli,O'Dyvoie,eodyvoieo2@blog.com,,20.25.6.19
868,Carol,Wanderschek,cwanderscheko3@samsung.com,,47.21.131.222
869,Tove,Joutapaitis,tjoutapaitiso4@dailymail.co.uk,,107.238.15.225
870,Dell,Morffew,dmorffewo5@drupal.org,Male,32.183.107.254
,Maribeth,Leander,mleandero6@walmart.com,,149.97.31.194
872,Casi,,ctyrieo7@reverbnation.com,,121.12.67.1
873,Tremain,Perrott,tperrotto8@xing.com,,67.117.109.33
874,,Noell,nnoello9@weebly.com,Female,203.164.79.105
875,Any,Eick,aeickoa@devhub.com,,116.98.160.197
876,Mireielle,Grzeskowski,mgrzeskowskiob@storify.com,,27.120.249.182
877,Robinetta,Kyne,rkyneoc@oakley.com,Female,67.223.115.66
878,Christoffer,Pedri,cpedriod@craigslist.org,,185.219.119.47
,,Downes,idownesoe@ft.com,,67.6.201.8
880,Shellie,Michel,smichelof@over-blog.com,,101.59.28.142
881,Jackquelin,Van der Brugge,jvanderbruggeog@tripod.com,,247.182.84.197
882,Amie,Fold,afoldoh@barnesandnoble.com,Female,214.74.52.53
883,Jamesy,Eacle,jeacleoi@fastcompany.com,,229.145.1.178
884,Ericha,,ebankhurstoj@gravatar.com,,132.211.157.180
885,Edithe,Mordy,emordyok@telegraph.co.uk,,120.43.158.40
886,Cloris,Burril,cburrilol@hugedomains.com,,33.200.200.217
887,,,mcrystalom@china.com.cn,,22.216.22.239
888,Misha,,mdumberellon@webmd.com,,119.115.250.203
889,Kent,Balle,kballeoo@wsj.com,,166.9.78.21
890,Abe,Hellcat,ahellcatop@facebook.com,Male,41.216.197.62
891,Toni,Nutley,tnutleyoq@intel.com,Female,220.233.217.157
892,Emmy,Cham,echamor@biglobe.ne.jp,,154.156.64.211
893,Lillian,,lpetrinaos@4shared.com,Female,175.222.223.138
894,Joshuah,Janway,jjanwayot@ehow.com,Non-binary,168.91.250.62
895,Anetta,,akalbererou@dedecms.com,,121.120.25.175
896,,Butt Gow,cbuttgowov@hatena.ne.jp,Male,103.181.112.101
897,Ashly,Lubman,alubmanow@prnewswire.com,Agender,245.228.120.138
898,Barnabas,,bjentzschox@tumblr.com,Male,155.39.144.169
,Rochella,Shipperbottom,rshipperbottomoy@narod.ru,,243.2.73.118
900,Teddi,Jahan,tjahanoz@usatoday.com,,142.144.208.234
901,Fax,Coopman,fcoopmanp0@is.gd,,185.230.244.80
902,Riva,Halbeard,rhalbeardp1@telegraph.co.uk,,178.135.150.23
903,Tan,Poland,tpolandp2@blogger.com,,88.74.155.109
,Matty,Espy,mespyp3@myspace.com,,213.74.129.81
,Constantina,,cblackwellp4@webs.com,,241.83.30.100
,Rancell,Birnie,rbirniep5@nature.com,Male,152.92.177.44
,Anstice,Klink,aklinkp6@adobe.com,Female,22.121.31.57
,Desi,Bottrill,dbottrillp7@indiegogo.com,,177.201.72.166
909,Cristionna,Leighfield,cleighfieldp8@google.ru,Female,181.66.196.130
910,Cynthy,Scard,cscardp9@qq.com,Female,185.238.142.198
911,Sheridan,McShirie,smcshiriepa@google.ca,Bigender,32.10.223.190
912,Florance,Lemmens,flemmenspb@theglobeandmail.com,,202.60.5.100
913,Denise,Sach,dsachpc@uiuc.edu,,97.39.108.248
,,Spackman,mspackmanpd@craigslist.org,Female,180.208.69.209
915,,Wantling,gwantlingpe@thetimes.co.uk,,157.81.169.34
916,Augustina,Eger,aegerpf@youku.com,Female,219.64.54.215
917,Edan,,ethomannpg@redcross.org,Male,227.1.120.182
918,Heida,Fitzsimons,hfitzsimonsph@pagesperso-orange.fr,,184.90.242.157
919,Nathan,Bissett,nbissettpi@cyberchimps.com,,36.8.40.159
920,Wadsworth,Smithin,wsmithinpj@sohu.com,Male,23.191.221.24
921,Trev,O' Donohoe,todonohoepk@pinterest.com,Male,43.136.223.229
922,Xymenes,,xcoulepl@dedecms.com,,11.248.91.122
923,Alan,,apinnijarpm@unesco.org,,94.28.30.107
924,Katee,Utteridge,kutteridgepn@fotki.com,,172.238.4.124
,Ashlin,,amcgarveypo@sciencedirect.com,Male,138.62.46.90
926,Vitia,Ferns,vfernspp@opensource.org,Female,107.237.107.189
927,Baxy,Bayle,bbaylepq@slate.com,,138.31.185.17
928,Dosi,,dfraynpr@weebly.com,Female,230.3.190.188
,Odetta,Coughtrey,ocoughtreyps@nasa.gov,Female,97.66.90.2
930,Nevile,Bloxsum,nbloxsumpt@free.fr,Male,222.92.110.177
,Olva,Gianettini,ogianettinipu@irs.gov,Female,220.183.113.56
932,Pedro,,pottopv@fda.gov,Male,156.144.112.50
933,Dore,,dwiddallpw@last.fm,,62.240.153.156
,Clarinda,,csawreypx@whitehouse.gov,,25.215.109.137
935,Eugen,,epickthornpy@de.vu,,169.14.137.243
936,Edlin,Hadingham,ehadinghampz@abc.net.au,,188.231.45.246
,Kirsten,,kroyleq0@cpanel.net,,54.195.118.146
938,Odette,Lamplugh,olamplughq1@oakley.com,Non-binary,210.82.232.184
939,,Macken,nmackenq2@multiply.com,Female,133.252.28.223
,Matty,Andrin,mandrinq3@prnewswire.com,Female,221.141.96.27
941,Henryetta,Folliott,hfolliottq4@apple.com,,151.58.236.10
942,,Voak,rvoakq5@xing.com,,140.168.201.92
943,Melessa,Prangle,mprangleq6@fastcompany.com,,130.62.98.153
944,Nat,De Hooge,ndehoogeq7@wired.com,Male,28.250.203.90
945,Nanete,Broodes,nbroodesq8@skype.com,Female,22.245.87.211
946,Merrie,,mhawsbyq9@booking.com,,54.26.167.98
947,,Littlepage,llittlepageqa@is.gd,,109.113.192.202
948,Lorin,,lkiljanqb@utexas.edu,,2.217.223.184
949,Debbi,Boule,dbouleqc@ihg.com,,34.103.153.153
,,MacNamara,amacnamaraqd@meetup.com,Female,77.237.17.100
951,Graeme,Barrand,gbarrandqe@microsoft.com,,184.12.146.60
952,Colleen,,cfellowqf@ted.com,Female,136.70.82.166
953,Philippe,,pwittyqg@xinhuanet.com,Female,215.135.242.118
,Myrtia,Wallbanks,mwallbanksqh@amazon.co.jp,,229.234.137.235
955,Emanuel,Ateggart,eateggartqi@huffingtonpost.com,Male,98.18.126.105
956,Therese,,tdodridgeqj@intel.com,Female,72.16.251.148
957,Joachim,Jakubowicz,jjakubowiczqk@sogou.com,,116.5.58.14
958,Hetty,,hdyterql@infoseek.co.jp,,107.182.158.71
959,Giuseppe,Batecok,gbatecokqm@nytimes.com,,153.130.93.4
960,Deanna,Jeanesson,djeanessonqn@unesco.org,,149.70.105.130
961,Jesselyn,Ivers,jiversqo@google.fr,,61.93.247.153
962,Xerxes,Phillput,xphillputqp@ft.com,,240.25.144.132
963,Kakalina,Lalor,klalorqq@blogger.com,,180.106.201.230
964,Wilfrid,,wbottiniqr@networkadvertising.org,Genderqueer,17.91.50.32
965,,Thacker,mthackerqs@lulu.com,,235.64.28.226
966,Alley,McCurley,amccurleyqt@mashable.com,Male,17.131.17.132
967,Jdavie,,jmeacequ@time.com,Male,12.20.133.10
968,Melisent,Ardley,mardleyqv@twitter.com,Female,35.55.238.214
969,Hanan,,hscoleqw@storify.com,Male,21.238.19.116
970,,Bedle,gbedleqx@cbsnews.com,,136.251.173.100
971,Paten,Grigoliis,pgrigoliisqy@usnews.com,Male,253.12.252.53
972,Nedda,,nstobartqz@nps.gov,,81.186.77.5
973,Evonne,Brownlie,ebrownlier0@cpanel.net,Female,237.130.174.205
974,Quinn,,qschruurr1@nasa.gov,Male,237.26.230.143
975,Thorvald,Erangey,terangeyr2@desdev.cn,Male,101.197.153.214
976,Nickola,Huzzay,nhuzzayr3@newyorker.com,,210.46.155.186
,Dru,Aughton,daughtonr4@columbia.edu,,130.12.12.53
978,Devondra,Colquitt,dcolquittr5@xinhuanet.com,,15.23.67.63
979,Jillian,Wurst,jwurstr6@pcworld.com,Female,110.85.123.100
980,Susi,Purselowe,spurselower7@apple.com,,183.173.71.50
981,,Hiom,nhiomr8@canalblog.com,,180.163.110.41
982,Ruthy,Eul,reulr9@oracle.com,,167.134.56.67
983,Tiffanie,,tcluittra@dailymotion.com,Female,154.25.27.254
984,,Warre,owarrerb@soundcloud.com,Female,55.239.93.127
985,Daisie,Bartolomeazzi,dbartolomeazzirc@nhs.uk,Female,218.83.48.141
986,Paula,Filby,pfilbyrd@biblegateway.com,Female,51.182.170.183
987,Gwendolyn,,genticottre@google.pl,,169.185.45.36
988,,,lboonerf@latimes.com,,231.254.223.126
989,Mona,Errington,merringtonrg@furl.net,Female,26.76.137.149
990,Marco,,mkifferh@sina.com.cn,Male,37.139.66.194
991,Maximilien,Napolione,mnapolioneri@ning.com,,65.47.33.61
992,Reeta,Bann,rbannrj@desdev.cn,Female,207.120.9.208
993,Kathrine,,kbringloerk@jugem.jp,,236.159.192.78
994,Giacomo,,gdowerl@hhs.gov,,108.98.255.12
,Dulcine,Coronado,dcoronadorm@japanpost.jp,,83.176.69.1
996,Thane,Andraud,tandraudrn@state.gov,Male,25.254.58.244
,Serge,,scastillero@ibm.com,,255.170.188.162
998,Meggy,,mtroakrp@cdc.gov,Female,64.110.186.35
999,George,,ggrievsonrq@seattletimes.com,,33.206.178.218
1000,Alfredo,,amantharr@wunderground.com,,66.254.216.6
